Job Role,Required Skill
Data Analyst,Python
Data Analyst,SQL
Data Analyst,Excel
Data Analyst,Statistics
Data Analyst,Power BI
Web Developer,HTML
Web Developer,CSS
Web Developer,JavaScript
Web Developer,React
Web Developer,Git
Machine Learning Engineer,Python
Machine Learning Engineer,TensorFlow
Machine Learning Engineer,Pandas
Machine Learning Engineer,NumPy
Machine Learning Engineer,Scikit-learn
Project Manager,Communication
Project Manager,Leadership
Project Manager,Agile
Project Manager,Risk Management
Project Manager,Scheduling
Cybersecurity Analyst,Network Security
Cybersecurity Analyst,Python
Cybersecurity Analyst,Firewalls
Cybersecurity Analyst,Ethical Hacking
Cybersecurity Analyst,SIEM Tools
